<?xml version="1.0" encoding="UTF-8"?>
<sbml xmlns="http://www.sbml.org/sbml/level3/version2/core" level="3" version="2">
  <model id="synthetic_data" name="synthetic_data">
    <listOfUnitDefinitions>
      <unitDefinition metaid="METAID_U0" id="u0" name="ml">
        <listOfUnits>
          <unit kind="litre" exponent="1" scale="-3" multiplier="1"/>
        </listOfUnits>
      </unitDefinition>
      <unitDefinition metaid="METAID_U1" id="u1" name="mmole / l">
        <listOfUnits>
          <unit kind="litre" exponent="-1" scale="1" multiplier="1"/>
          <unit kind="mole" exponent="1" scale="-3" multiplier="1"/>
        </listOfUnits>
      </unitDefinition>
      <unitDefinition metaid="METAID_U2" id="u2" name="K">
        <listOfUnits>
          <unit kind="kelvin" exponent="1" scale="1" multiplier="1"/>
        </listOfUnits>
      </unitDefinition>
      <unitDefinition metaid="METAID_U3" id="u3" name="min">
        <listOfUnits>
          <unit kind="second" exponent="1" scale="1" multiplier="60"/>
        </listOfUnits>
      </unitDefinition>
      <unitDefinition metaid="METAID_U4" id="u4" name="mole / l s">
        <listOfUnits>
          <unit kind="litre" exponent="-1" scale="1" multiplier="1"/>
          <unit kind="mole" exponent="1" scale="1" multiplier="1"/>
          <unit kind="second" exponent="-1" scale="1" multiplier="1"/>
        </listOfUnits>
      </unitDefinition>
    </listOfUnitDefinitions>
    <listOfCompartments>
      <compartment id="v0" name="Falcon Tube" spatialDimensions="3" size="10" units="u0" constant="true"/>
    </listOfCompartments>
    <listOfSpecies>
      <species metaid="METAID_P0" sboTerm="SBO:0000252" id="p0" name="Enzyme" compartment="v0" hasOnlySubstanceUnits="false" boundaryCondition="false" constant="true"/>
      <species metaid="METAID_S0" sboTerm="SBO:0000247" id="s0" name="Substrate" compartment="v0" hasOnlySubstanceUnits="false" boundaryCondition="false" constant="false"/>
      <species metaid="METAID_S1" sboTerm="SBO:0000247" id="s1" name="Product" compartment="v0" hasOnlySubstanceUnits="false" boundaryCondition="false" constant="false"/>
    </listOfSpecies>
    <listOfReactions>
      <annotation>
        <enzymeml:data xmlns:enzymeml="http://sbml.org/enzymeml/version2">
          <enzymeml:formats>
            <enzymeml:format id="format0">
              <enzymeml:column type="time" unit="u3" index="0"/>
              <enzymeml:column replica="repl_substrate_1" species="s0" type="conc" unit="u1" index="1" isCalculated="False"/>
            </enzymeml:format>
            <enzymeml:format id="format1">
              <enzymeml:column type="time" unit="u3" index="0"/>
              <enzymeml:column replica="repl_substrate_2" species="s0" type="conc" unit="u1" index="1" isCalculated="False"/>
            </enzymeml:format>
            <enzymeml:format id="format2">
              <enzymeml:column type="time" unit="u3" index="0"/>
              <enzymeml:column replica="repl_substrate_3" species="s0" type="conc" unit="u1" index="1" isCalculated="False"/>
            </enzymeml:format>
            <enzymeml:format id="format3">
              <enzymeml:column type="time" unit="u3" index="0"/>
              <enzymeml:column replica="repl_substrate_4" species="s0" type="conc" unit="u1" index="1" isCalculated="False"/>
            </enzymeml:format>
            <enzymeml:format id="format4">
              <enzymeml:column type="time" unit="u3" index="0"/>
              <enzymeml:column replica="repl_substrate_5" species="s0" type="conc" unit="u1" index="1" isCalculated="False"/>
            </enzymeml:format>
            <enzymeml:format id="format5">
              <enzymeml:column type="time" unit="u3" index="0"/>
              <enzymeml:column replica="repl_substrate_6" species="s0" type="conc" unit="u1" index="1" isCalculated="False"/>
            </enzymeml:format>
            <enzymeml:format id="format6">
              <enzymeml:column type="time" unit="u3" index="0"/>
              <enzymeml:column replica="repl_substrate_7" species="s0" type="conc" unit="u1" index="1" isCalculated="False"/>
            </enzymeml:format>
          </enzymeml:formats>
          <enzymeml:listOfMeasurements>
            <enzymeml:measurement file="file0" id="m0" name="Substrate measurement 1">
              <enzymeml:initConc protein="p0" value="0.05" unit="u1"/>
              <enzymeml:initConc reactant="s0" value="0.5" unit="u1"/>
              <enzymeml:initConc reactant="s1" value="0.0" unit="u1"/>
            </enzymeml:measurement>
            <enzymeml:measurement file="file1" id="m1" name="Substrate measurement 2">
              <enzymeml:initConc protein="p0" value="0.05" unit="u1"/>
              <enzymeml:initConc reactant="s0" value="1.0" unit="u1"/>
              <enzymeml:initConc reactant="s1" value="0.0" unit="u1"/>
            </enzymeml:measurement>
            <enzymeml:measurement file="file2" id="m2" name="Substrate measurement 3">
              <enzymeml:initConc protein="p0" value="0.05" unit="u1"/>
              <enzymeml:initConc reactant="s0" value="4.0" unit="u1"/>
              <enzymeml:initConc reactant="s1" value="0.0" unit="u1"/>
            </enzymeml:measurement>
            <enzymeml:measurement file="file3" id="m3" name="Substrate measurement 4">
              <enzymeml:initConc protein="p0" value="0.05" unit="u1"/>
              <enzymeml:initConc reactant="s0" value="30.0" unit="u1"/>
              <enzymeml:initConc reactant="s1" value="0.0" unit="u1"/>
            </enzymeml:measurement>
            <enzymeml:measurement file="file4" id="m4" name="Substrate measurement 5">
              <enzymeml:initConc protein="p0" value="0.05" unit="u1"/>
              <enzymeml:initConc reactant="s0" value="50.0" unit="u1"/>
              <enzymeml:initConc reactant="s1" value="0.0" unit="u1"/>
            </enzymeml:measurement>
            <enzymeml:measurement file="file5" id="m5" name="Substrate measurement 6">
              <enzymeml:initConc protein="p0" value="0.05" unit="u1"/>
              <enzymeml:initConc reactant="s0" value="80.0" unit="u1"/>
              <enzymeml:initConc reactant="s1" value="0.0" unit="u1"/>
            </enzymeml:measurement>
            <enzymeml:measurement file="file6" id="m6" name="Substrate measurement 7">
              <enzymeml:initConc protein="p0" value="0.05" unit="u1"/>
              <enzymeml:initConc reactant="s0" value="160.0" unit="u1"/>
              <enzymeml:initConc reactant="s1" value="0.0" unit="u1"/>
            </enzymeml:measurement>
          </enzymeml:listOfMeasurements>
          <enzymeml:files>
            <enzymeml:file file="./data/m0.csv" format="format0" id="file0"/>
            <enzymeml:file file="./data/m1.csv" format="format1" id="file1"/>
            <enzymeml:file file="./data/m2.csv" format="format2" id="file2"/>
            <enzymeml:file file="./data/m3.csv" format="format3" id="file3"/>
            <enzymeml:file file="./data/m4.csv" format="format4" id="file4"/>
            <enzymeml:file file="./data/m5.csv" format="format5" id="file5"/>
            <enzymeml:file file="./data/m6.csv" format="format6" id="file6"/>
          </enzymeml:files>
        </enzymeml:data>
      </annotation>
      <reaction metaid="METAID_R0" sboTerm="SBO:0000176" id="r0" name="Example Reaction" reversible="false">
        <annotation>
          <enzymeml:reaction xmlns:enzymeml="http://sbml.org/enzymeml/version2">
            <enzymeml:conditions>
              <enzymeml:ph value="7.4"/>
            </enzymeml:conditions>
          </enzymeml:reaction>
        </annotation>
        <listOfReactants>
          <speciesReference sboTerm="SBO:0000015" species="s0" stoichiometry="1" constant="false"/>
        </listOfReactants>
        <listOfProducts>
          <speciesReference sboTerm="SBO:0000011" species="s1" stoichiometry="1" constant="false"/>
        </listOfProducts>
        <listOfModifiers>
          <modifierSpeciesReference sboTerm="SBO:0000013" species="p0"/>
        </listOfModifiers>
        <kineticLaw name="irreversible Michaelis-Menten">
          <math xmlns="http://www.w3.org/1998/Math/MathML">
            <apply>
              <divide/>
              <apply>
                <times/>
                <ci> vmax </ci>
                <ci> s0 </ci>
              </apply>
              <apply>
                <plus/>
                <ci> Km </ci>
                <ci> s0 </ci>
              </apply>
            </apply>
          </math>
          <listOfLocalParameters>
            <localParameter id="vmax" value="15" units="u4">
              <annotation>
                <enzymeml:parameter xmlns:enzymeml="http://sbml.org/enzymeml/version2">
                  <enzymeml:initialValue>15.0</enzymeml:initialValue>
                  <enzymeml:upperBound>150.0</enzymeml:upperBound>
                  <enzymeml:lowerBound>0.01</enzymeml:lowerBound>
                </enzymeml:parameter>
              </annotation>
            </localParameter>
            <localParameter id="Km" value="10" units="u1">
              <annotation>
                <enzymeml:parameter xmlns:enzymeml="http://sbml.org/enzymeml/version2">
                  <enzymeml:initialValue>10.0</enzymeml:initialValue>
                  <enzymeml:upperBound>40.0</enzymeml:upperBound>
                  <enzymeml:lowerBound>0.001</enzymeml:lowerBound>
                </enzymeml:parameter>
              </annotation>
            </localParameter>
          </listOfLocalParameters>
        </kineticLaw>
      </reaction>
    </listOfReactions>
  </model>
</sbml>
